"Cliente - Nome","Cliente - CNPJ","Cliente - Estado","Cliente - Cidade","rua"
"AGUILERA OLIVEIRA FERRAMENTAS E PROTECAO LTDA ME","04289731000150","GO","GOIANIA","ALAMEDA  CASCAVEL,844-QUADRA CH LOTE 13,74210-125"
"ARENOR DISTR E CONSTRUCAO LTDA","16823179000117","RS","SAO MARTINHO","EST RS 210,55-SL 02 A,98690-000"
"ASSOCOM SOCIEDADE ANONIMA","15023257000136","SC","JOINVILLE","AV QUINZE DE NOVEMBRO,7581-,89237-001"
"BARKEV MATERIAIS PARA CONSTRUCOES LTDA","60406725000700","SP","OSASCO","AV  DOS AUTONOMISTAS,6161-,06194-050"
"BARKEV MATERIAIS PARA CONSTRUCOES LTDA","60406725000882","SP","CARAPICUIBA","AV COMENDADOR DANTE CARRARO,135-,06396-000"
"BARKEV MATERIAIS PARA CONSTRUCOES LTDA","60406725000610","SP","CARAPICUIBA","AV INOCENCIO SERAFICO,1717-,06380-021"
"BARKEV MATERIAIS PARA CONSTRUCOES LTDA","60406725000106","SP","OSASCO","R  ANTONIO BERNARDO COUTINHO,135-139,06013-050"
"BLUE TINTAS LTDA","01050029001112","BA","LAURO DE FREITAS","RD,452-QD 0001 LT 14E15,42700-000"
"BLUE TINTAS LTDA","01050029000221","BA","LAURO DE FREITAS","AV  SANTOS DUMONT,3004-,42700-000"
"CAETANO DE TATUI MATS PARA  CONSTR LTDA","00173353000517","SP","TATUI","R PADRE ANACLETO DIAS BATISTA,225-,18276-660"
"CARAJAS MATERIAL DE CONSTRUCAO LTDA","03656804000727","AL","RIO LARGO","LOT SANTA MARIA,194-,57100-000"
"CASAS DA AGUA MATS PARA CONSTRUÇAO LTDA","13501187000159","SC","SAO JOSE","AV PRES KENNEDY,1284-,88102-400"
"CASSOL MATERIAIS DE CONSTRUCAO LTDA","75400218000809","SC","SAO JOSE","ROD BR 101 KM 206,SN-ACESSO VIA EXPRESSA,88102-700"
"CASSOL MATERIAIS DE CONSTRUCAO LTDA","75400218002267","RS","CANOAS","AV GUILHERME SCHELL,130-,92200-148"
"CASSOL MATERIAIS DE CONSTRUCAO LTDA","75400218001104","PR","CURITIBA","R PROFESSORA MARIA DE ASSUMPCAO,215-,81630-040"
"CENTRAL TINTAS ITAJUBA LTDA EPP","11396061000136","MG","ITAJUBA","R JOSE DIAS COELHO,164-,37505-148"
"COMERCIAL DE TINTAS DE MACHADO LTDA","53425237000180","SP","OURINHOS","AV JACINTO DE SA,697-,19911-720"
"COMERCIAL IVAIPORA LTDA","75274423001413","PR","IVAIPORA","AC SECUNDARIO A BR,466-KM 1 SN,86870-000"
"COMERCIAL MARANGUAPE LTDA","01625371000202","RN","NATAL","R  TRES LAGOAS,399-LAGOA AZUL,59139-572"
"COML DE FERRAGENS SAO LUIS LTDA","15931157000299","BA","SANTO ANTONIO DE JESUS","AV LUIS VIANA,101-,44571-019"
"CONSTRUCOLOR COM DE TINTAS LTDA","78515624000139","SC","BLUMENAU","AV  LISBOA,193-,89052-600"
"COOPERUTIL COOP FORN MAT CONS P FUNDO LTDA","14421700000164","RS","COXILHA","ROD EST RS 135,6800-,99145-000"
"CUIABANA COM DE TINTAS E FER LTDA ME","10526684000113","MT","CUIABA","AV MANOEL JOSE DE ARRUDA,1000-BEIRA RIO,78070-305"
"DECORTEC TINTAS LTDA EPP","10473089000248","SC","BALNEARIO CAMBORIU","R 970,931-,88330-588"
"FERNANDES & GONCALVES DE ASSIS LTDA ME","66639733000189","SP","ASSIS","AV MARCHAL DEODORO,580-,19807-155"
"GRAFULIN PESSANO & CIA LTDA","98411416000105","RS","URUGUAIANA","AV DUQUE DE CAXIAS,2757-,97500-183"
"HOME CENTER JACARE MATERIAL DE CONSTRUCOES E MADEIRAS LTDA","10600446000100","MA","SAO LUIS","AV  DANIEL DE LA TOUCHE,1-GL 1,65074-115"
"IMPORTADORA OPLIMA LTDA","04945481000169","PA","BELEM","R  MUNICIPALIDADE,1157-TER,66050-350"
"IRMAOS QUEIROZ LTDA","13509849000137","BA","SALVADOR","AV  SAN MARTIN,244-,40355-000"
"JOMAR TINTAS LTDA","65121287000153","MG","UNAI","R PREF JOAO COSTA,1041-,38610-000"
"LOJAS DE DEPARTAMENTOS MILIUM LTDA","83240333000115","SC","JOINVILLE","AV SANTOS DUMONT,4221-,89219-730"
"NICOM COM DE MATS PARA CONSTRUCOES LTDA","60403110000630","SP","SAO PAULO","R DR ABELARDO VERGUEIRO CESAR,2-,04635-080"
"OUTLET CORAL COMERCIO DE TINTAS LTDA","31099440000252","BA","LAURO DE FREITAS","AV SANTOS DUMONT,1926-LJ 10,42702-400"
"P H E TINTAS HIDRAULICA E ELETRICA LTDA","02364587001387","SP","CAMPINAS","R DARIO FREIRE MEIRELLES,275-,13082-045"
"PALACIO DAS TINTAS DE MARILIA LTDA","56784812000120","SP","MARILIA","AV  TIRADENTES,782-,17519-000"
"PERUZZO TINTAS LTDA","93093565000575","RS","GRAVATAI","R YOLI BITENCOURT,1337-,94035-181"
"PLANALTO TINTAS LTDA","26390229000173","MG","BELO HORIZONTE","AV DR CRISTIANO GUIMARAES,1972-,31720-300"
"POTIGUAR MATS DE CONSTRUCAO LTDA","06778591000702","MA","SAO LUIS","AV DOS FRANCESES,35-B,65055-085"
"REDE CONSTRUIR CENTRAL DE COMPRAS LTDA","23726733000103","SC","GASPAR","R BRUNO CELSO ZIMMERMANN,100-GP 3,89110-000"
"ROCHA 8 TINTAS E EQUIPAMENTOS LTDA EPP","13585764000138","RS","GRAVATAI","AV ELY CORREA,630-,94185-452"
"RONSY COM DE MATS DE CONSTR LTDA","09525380000152","RO","PORTO VELHO","AV GOV JORGE TEIXEIRA,2105-,76803-895"
"RONSY COMERCIAL DE FERRAGENS LTDA","16920620000189","AC","EPITACIOLANDIA","AV  AMAZONAS,390-,69934-000"
"TINTAS ROCHA LTDA","02340825000261","SC","FLORIANOPOLIS","R CEL PEDRO DEMORO,1780-,88075-300"
"TINTAS VILA VELHA EIRELI","34594595000253","ES","SERRA","ROD NORTE SUL,SN-LJ 2,29168-078"
"TINTAS VILA VELHA EIRELI","34594595000172","ES","VILA VELHA","AV CARLOS LINDENBERG,2155-,29108-075"
"TINTOLAC COMERCIAL LTDA","36371920000163","ES","SERRA","ROD GOV MARIO COVAS,2930-KM 269.1 LT15 QDR7,29164-038"
"TINTOMAX COMERCIO DE TINTAS LTDA","04464847000188","SC","JOINVILLE","AV  GETULIO VARGAS,1169-,89202-295"
"TOK RETOK TINTAS LTDA","00765788000127","MA","SAO LUIS","AV JERONIMO DE ALBUQUERQUE,58-,65051-210"
"VOTOTINTAS COM TINTAS E MATS CONSTR LTDA","01916409000115","SP","VOTORANTIM","R PAULA NEY,1203-,18110-045"
"A C BALSALOBRE MAT DE CONSTRUCAO LTDA","09640552000139","SP","CAMPINAS","AV SUACUNA,205-,13054-105"
"A R OLIVEIRA EIRELI","63594923000139","AC","RIO BRANCO","R RIO DE JANEIRO,1115-,69909-710"
"AEROTINTAS COMERCIAL LTDA","67331538000311","SP","SAO PAULO","AV  MORUMBI,8281-,04703-004"
"AGRO COMERCIAL AFUBRA LTDA","74072513000578","RS","VENANCIO AIRES","R OSVALDO ARANHA,1659-,95800-000"
"AGUINALDO FERREIRA ALONSO ME","02929692000182","RO","PORTO VELHO","AV BRASILIA,1352-,76841-000"
"AJ BOZOLI TINTAS","96659255000130","SP","SAO JOSE DO RIO PRETO","R GEN GLICERIO,4299-,15015-400"
"AL COMERCIO VAREJISTA DE TINTAS LTDA ME","27118642000146","BA","SALVADOR","AV VASCO DA GAMA,936-,40230-731"
"ALMEIDA COR E TINTAS LTDA - ME","02080798000154","MG","BELO HORIZONTE","R ITAPECERICA,969-,31210-030"
"ALMEIDA E MAIA MAT DE CONSTRUCAO LTDA","08678892000196","MG","MONTES CLAROS","AV DEPUTADO PLINIO RIBEIRO,490-,39401-222"
"ALPENDRE TINTAS E FERRAGENS LTDA EPP","08205216000103","SP","SAO PAULO","AV  MUTINGA,1635-,05110-000"
"ALPENDRE TINTAS E FERRAGENS LTDA EPP","08205216000103","SP","SAO PAULO","AV  MUTINGA,1635-,05110-000"
"ALVES DE LIMA & ZORDAN LTDA EPP","01530258000162","SP","RIBEIRAO PRETO","AV  MONTEIRO LOBATO,1020-,14030-520"
"AMARELO ANIL TINTAS LTDA EPP","65621377000103","SP","SAO PAULO","R NATINGUI,721-,05443-000"
"AMARELO ANIL TINTAS LTDA EPP","65621377000103","SP","SAO PAULO","R NATINGUI,721-,05443-000"
"AMERICA COM DE TINTAS DE MARILIA LTDA","07653260000105","SP","MARILIA","AV TIRADENTES,1293-LETRA B,17500-022"
"ANTONACCI TINTAS LTDA ME","03908705000108","MG","CONTAGEM","R TIRADENTES 2928 3 SECAO,2928-SECAO,32230-020"
"ARMAZEM BEIRA MAR LTDA","35533991000152","PE","RECIFE","AV DOMINGOS FERREIRA,40-,51011-050"
"ARMAZEM CORAL LTDA","11623188000140","PE","RECIFE","R DAS CALCADAS-C/RUA PADRE FLORIANO,174-196/208-35/47/63/67,50020-290"
"ARMAZEM DAS CORES COM DE TINTAS LTDA","06262104000231","SP","ITAQUAQUECETUBA","EST ALBERTO HINOTO,6080-,08588-001"
"ARTCOR FUTURA TINTAS LTDA - ME","11871114000123","RJ","RIO DAS OSTRAS","AL CAMPOMAR,1517-LOJA QUADRA28 LOTE 05,28890-281"
"AS COMERCIO DE TINTAS LTDA","10544334000180","SC","CRICIUMA","R  JOAO PESSOA,649-,88801-530"
"ASSCOM ASSOCIACAO DE COMPRAS","10595883000183","SC","BLUMENAU","R DR PEDRO ZIMMERMANN,11956-BL A,89075-000"
"ATACADAO DAS TINTAS LTDA","00830498000110","MG","BELO HORIZONTE","R  JACUI,3501-,31160-190"
"AUTO TINTAS UNIAO LTDA","21924295000324","MG","UBERLANDIA","AV  BELO HORIZONTE,575-,38400-454"
"B L PINTO","11793192000157","AP","SANTANA","R ADALVARO ALVES CAVALCANTE,595-B,68925-189"
"BELA TINTAS LTDA","01154956002669","SP","GUARULHOS","AV BRIGADEIRO FARIA LIMA,874-,07130-000"
"BELA TINTAS LTDA","01154956002820","SP","ITAQUAQUECETUBA","EST DE SANTA ISABEL,1011-,08577-010"
"BELA TINTAS LTDA","01154956000453","SP","SAO PAULO","R  JOAO MANOEL DE MATOS,25-,03266-140"
"BELA TINTAS LTDA","01154956000453","SP","SAO PAULO","R  JOAO MANOEL DE MATOS,25-,03266-140"
"BETTONI COM DE TINTAS LTDA EPP","89822217000190","RS","CAXIAS DO SUL","R  VINTE DE SETEMBRO,3144-,95020-450"
"BLEY S COMERCIAL DE TINTAS LTDA","72228794000407","RS","NOVO HAMBURGO","R GEN DALTRO FILHO,1671-,93540-000"
"BLUE TINTAS LTDA","01050029000906","SE","ARACAJU","AV  ADELIA FRANCO,3006-,49048-010"
"BMB MATERIAL DE CONSTRUCAO S A","23476033000299","SP","SAO PAULO","AV DO ESTADO,6313-,03105-005"
"BMB MATERIAL DE CONSTRUCAO S A","23476033000299","SP","SAO PAULO","AV DO ESTADO,6313-,03105-005"
"BOTTINO MATERIAIS DE CONSTRUCAO LTDA","05879152000987","RJ","RIO DE JANEIRO","AV  DAS AMERICAS,21783-,22790-851"
"BRASCAMPO PROD AGROPECUARIOS LTDA","05808085000152","MS","CAMPO GRANDE","AV CALOGERAS,784-,79004-380"
"CAMALEAO COMERCIO & IMPORTACAO LTDA","03477317000101","AP","MACAPA","ROD  BR 156,1579-,68909-094"
"CASA & TINTA COMERCIAL LTDA","20841771000976","MG","BELO HORIZONTE","R CONQUISTA,181-,30710-160"
"CASA & TINTA COMERCIAL LTDA","20841771002758","MG","CONTAGEM","AV JOSE FARIA DA ROCHA,4985-LJ 01,32310-210"
"CASA DAS CORES COM DE TINTAS LTDA","01869728000117","MS","CAMPO GRANDE","R 13 DE MAIO,1860-,79004-423"
"CASA DAS TINTAS COMERCIAL LTDA","13073747001436","SE","ARACAJU","R 12-B SANTA MARIA,194-LT 20 QD 02,49044-166"
"CASA DAS TINTAS DE ANAPOLIS LTDA","33229030000638","GO","GOIANIA","AV  PIO XII,419-Q 94 LT 3 E 4,74425-098"
"CASA DAS TINTAS MABA LTDA","83619163000184","SC","JARAGUA DO SUL","R EXP CABO HARRY HADLICH,47-,89251-380"
"CASA DAS TINTAS MOOCA EIRELI","25055825000134","SP","GUARULHOS","AV RIO REAL,118-,07170-000"
"CASA DAS TINTAS SAO BENTO LTDA","82770942000113","SC","SAO BENTO DO SUL","R ANTONIO KAESEMODEL,903-,89287-465"
"CASA DE TINTAS MANOLO LTDA","53469029000183","SP","SAO PAULO","R MARIA AMALIA L AZEVEDO,987-,02350-000"
"CASA DE TINTAS MANOLO LTDA","53469029000183","SP","SAO PAULO","R MARIA AMALIA L AZEVEDO,987-,02350-000"
"CASA DE TINTAS TINTI LTDA ME","44550549000125","SP","SAO PAULO","Avenida Jardim Japão,247-Anexo 251,02221-000"
"CASA DE TINTAS TINTI LTDA ME","44550549000125","SP","SAO PAULO","Avenida Jardim Japão,247-Anexo 251,02221-000"
"CASA TONI COMERCIO DE TINTAS LTDA","59428847000114","SP","SAO PAULO","PC  CIVICA,51-,05050-060"
"CASA TONI COMERCIO DE TINTAS LTDA","59428847000114","SP","SAO PAULO","PC  CIVICA,51-,05050-060"
"CASA UNIVERSAL LTDA","14208136000104","AM","MANAUS","AV  FLORIANO PEIXOTO,210-,69005-070"
"CASAS DA AGUA MATERIAIS PARA CONSTRUCAO LTDA","75362160000180","SC","SAO JOSE","AV PRES KENNEDY,1284-,88102-400"
"CASSOL MATERIAIS DE CONSTRUCAO LTDA","75400218001457","RS","PORTO ALEGRE","AV  FRANCISCO SILVEIRA BITENCOURT,1295-,91150-010"
"CCS TINTAS E MATERIAIS PARA CONSTRUCAO LTDA","04031602000167","MG","UBERABA","R  VERISSIMO,382-,38022-090"
"CD MAX IND E COM DE TINTAS LTDA","00777674001330","MS","CAMPO GRANDE","R TREZE MAIO,544-QD 07 LT D,79004-420"
"CD MAX IND E COM DE TINTAS LTDA","00777674000873","MT","CUIABA","AV  MARIO CORREA,260-,78025-140"
"CENTRAL COM DE TINTAS LTDA ME","13761344000165","PR","MARINGA","AV  BRASIL,2469-,87050-000"
"CENTRO DE DISTRIB MAT DE CONSTRUCAO MG LTDA","09573134000338","MG","MONTES CLAROS","AV GOVERNADOR MAGALHAES PINTO,6251-BLOCO A LOJA 2,39404-166"
"CHUVEIRAO COM DE MAT PARA CONSTRUCAO LTDA","08378660000112","SP","PRESIDENTE PRUDENTE","AV BRASIL,1097-,19010-032"
"CIMEC COMERCIO SERVICOS IMPORTACAO E EXP LTDA","04843899000165","AC","RIO BRANCO","V CHICO MENDES,2307-,69906-134"
"CLODOALDO & CIA LTDA","48031843000181","SP","SAO PAULO","R  MARTIM FRANCISCO,507-19,01226-003"
"CLODOALDO & CIA LTDA","48031843000181","SP","SAO PAULO","R  MARTIM FRANCISCO,507-19,01226-003"
"COCIL CONSTR CIVIS E INDUSTRIAIS LTDA","04386041000119","AM","MANAUS","R PARA,66-,69053-070"
"CODERPLAST REPRES COMERCIAIS LTDA EPP","78839776000197","SC","SAO JOSE","ROD  BR CENTO E UM,SN-KM 202,88113-100"
"COLOR TINTAS DISTRIB LTDA","05238995000651","RS","IJUI","R  DO COMERCIO,575-TER,98700-000"
"COLOR TINTAS VENANCIO LTDA EPP","14370288000109","RS","VENANCIO AIRES","R VOLUNTARIOS DA PATRIA,1900-,95800-000"
"COMERCIAL CATARINA EIRELI","21976210000190","RS","ERECHIM","R ITALIA,698-,99700-066"
"COMERCIAL CHUVEIRAO DAS TINTAS LTDA","46431102002025","SP","OURINHOS","R S PAULO,515-,19900-051"
"COMERCIAL CHUVEIRAO DAS TINTAS LTDA","46431102000162","SP","PRESIDENTE PRUDENTE","AV BRASIL,325-347,19010-030"
"COMERCIAL DE TINTAS AUTOMOTIVAS LTDA","27904417000135","SE","ARACAJU","R MANOEL ESPIRITO SANTO,468-,49025-440"
"COMERCIAL E INDUSTRIAL RONSY LTDA","02400983000189","AC","RIO BRANCO","R S PAULO,500-,69900-276"
"COMERCIAL IVAIPORA LTDA","52744230141313","PR","IVAIPORA","#N/A"
"COMERCIAL JAPURA LTDA ME","12986279000103","RN","NATAL","AV AMINTAS BARROS,2747-LOTE LOTE 04,59062-350"
"COMERCIAL MENDES ROSA LTDA","49219173000194","SP","FRANCA","R FR GERMANO,1984-,14405-215"
"COMERCIAL MULT TINTAS RIO PRETO LTDA","33559101000156","SP","SAO JOSE DO RIO PRETO","AV FELICIANO SALLES CUNHA,673-,15035-075"
"COMERCIO DE MAT DE CONST CARAMURU LTDA ME","00982274000123","SC","JOINVILLE","R  DOS MECANICOS,47-,89231-500"
"COMERCIO DE MAT DE CONST SILVA SALAH LTDA EPP","00113435000142","SC","JOINVILLE","R MARECHAL LUZ,898-,89230-868"
"COMERCIO DE MATERIAIS CONSTRUCAO STEIL EIRELI","83438739000107","SC","JOINVILLE","R HERMANN LANGE,239-,89219-160"
"COMERCIO DE TINTAS ALTO URUGUAI EIRELI - ME","15641993000158","RS","ERECHIM","R MACHADO DE ASSIS,1010-,99704-256"
"COMERCIO DE TINTAS DO BOSQUE EIRELI","33626531000143","AC","RIO BRANCO","R QUINTINO BOCAIUVA,1679-,69900-670"
"COMERCIO DE TINTAS GERHARDT LTDA","06102585000137","RS","NOVO HAMBURGO","AV CEL FREDERICO LINCK,441-PREDIO,93336-001"
"COMERCIO DE TINTAS MACHADO LIMITADA","49444870000149","SP","GUARULHOS","AV  SANTOS DUMONT,440-,07180-270"
"COMERCIO DE TINTAS MAT ELETRICO E HID VERGINIA LTDA","84866342000189","PR","CURITIBA","AV VER TOALDO TULIO,2185-LJ 2,82320-010"
"COMERCIO DE TINTAS MAT ELETRICO E HID VERGINIA LTDA","84866342003013","SC","FLORIANOPOLIS","ROD SC 405,2707-,88065-000"
"COMERCIO DE TINTAS MELO LTDA","02231801000193","GO","GOIANIA","AV  T 7,566-,74210-260"
"COMERCIO MATERIAL CONSTRUCAO BENEVENUTTI LTDA ME","83205526000135","SC","JOINVILLE","R XV DE NOVEMBRO,5380-,89211-595"
"CONIBASE COM DE MAT P CONSTR LTDA","59784868000334","SP","SAO PAULO","AV  ELISEU DE ALMEIDA,3100-,05533-000"
"CONIBASE COM DE MAT P CONSTR LTDA","59784868000334","SP","SAO PAULO","AV  ELISEU DE ALMEIDA,3100-,05533-000"
"CONSMAT FORNECEDORA DE MAT PARA CONSTR LTDA","60416674000101","SP","SAO PAULO","AV GEN ATALIBA LEONEL,2022-2034 46 50 56 60,02033-020"
"CONSMAT FORNECEDORA DE MAT PARA CONSTR LTDA","60416674000101","SP","SAO PAULO","AV GEN ATALIBA LEONEL,2022-2034 46 50 56 60,02033-020"
"CONSTRUDECOR S A","03439316001659","SP","CAMPINAS","ROD  DOM PEDRO I,SN-KM 127 KM KM 127 128 SN BOX 25,13091-903"
"CONSTRUDECOR S A","03439316002205","SP","CARAPICUIBA","AV DES DOUTOR EDUARDO CUNHA DE ABREU,495-2 GALPAO,06328-330"
"CONSTRUDECOR S A","03439316001810","SP","GUARULHOS","R  BARTOLOMEU DE GUSMAO,316-LT Q 20 26 PORT A,07024-010"
"CONSTRUDECOR S A","03439316006707","SP","JUNDIAI","AV  ANTONIO FREDERICO OZANAN,6080-LJ 1,13215-276"
"CONSTRUDECOR S A","03439316007347","SP","OSASCO","AV FRANZ VOEGELI,751-LOTE 7 E 8 QD A,06020-190"
"CONSTRUDECOR S A","03439316007002","SP","RIBEIRAO PRETO","AVENIDA FABIO BARRETO,251-,14050-000"
"CONSTRUDECOR S A","03439316001730","SP","SAO PAULO","AV S MIGUEL,8201-VL JACUI,08070-001"
"CONSTRUDECOR S A","03439316000768","SP","SOROCABA","AV PROFA IZORAIDA MARQUES PERES,401-LJ B,18048-110"
"CONSTRUDECOR S A","03439316001730","SP","SAO PAULO","AV S MIGUEL,8201-VL JACUI,08070-001"
"CONSTRUDECOR S A","03439316000768","SP","SOROCABA","AV PROFA IZORAIDA MARQUES PERES,401-LJ B,18048-110"
"CONSTRUNET MATERIAIS DE CONSTRUCOES LTDA","08172676000174","DF","BRASILIA","JD BOTANICO ETAPA 01 R 01 QD 01 LT 225,SN-,71680-362"
"CONSTRUNIAO MAT DE CONSTRUCAO LTDA EPP","03967184000151","PR","IVAIPORA","PC PE IVES GUEGUEM,145-,86870-000"
"CONSTRUNOK ACABAMENTOS LTDA - ME","17122457000171","MG","MONTES CLAROS","AV GOV MAGALHAES PINTO,2191-,39401-427"
"CONSTRUSHOP CACARI MATERIAIS DE CONSTRUCAO LTDA","01429775000140","RR","BOA VISTA","R DA BACABEIRA,224-,69307-717"
"CONSTRUSILVA COM DE MAT DE CONSTRUCAO LTDA EPP","00353934000107","SC","JOINVILLE","R OTTOKAR DOERFFEL,185-,89203-495"
"CONSTRUTINTAS COM LTDA","35279546000108","RN","MOSSORO","AV ALBERTO MARANHAO,782-,59618-700"
"COPICAL CENTRO OESTE COM DE TINTAS LTDA EPP","71887590000245","SP","OURINHOS","R DO EXPEDICIONARIO,952-PISO INFERIOR,19900-041"
"COPICAL COMERCIAL DE PINTURAS CAIO LTDA","44456739000188","SP","BAURU","R PRIMEIRO DE AGOSTO 11,50-,17013-010"
"COPICAL PRUDENTINA COM DE TINTAS LTDA","06201604000182","SP","PRESIDENTE PRUDENTE","AV QUATORZE DE SETEMBRO,94-,19013-380"
"COQUEIRO MATERIAIS PARA CONST LTDA","26997809000123","DF","BRASILIA","R DA GAMELEIRA,490-,71693-163"
"CORES D TINTAS E ACESSORIOS EIRELI","28935566000205","BA","SALVADOR","R DJALMA DUTRA,236-,40240-080"
"CORES DO RIO PINTURAS LTDA","13855477000109","RJ","RIO DE JANEIRO","R SANTO CRISTO,283-,20220-304"
"COSTI COMERCIO DE TINTAS LTDA","02454674000191","RS","FARROUPILHA","R  JULIO DE CASTILHOS,593-SL 13,95180-000"
"CR2 COMERCIO DE TINTAS LTDA","09373760000119","DF","BRASILIA","QD 102 CJ 4 LT 09 LJ 01 RESID OESTE,9 10-,71692-110"
"D ABRIL TINTAS MAT DE CONSTRUCAO E F LTDA ME","72727274000198","SP","SAO PAULO","AV  JERIMANDUBA,724-,05181-000"
"D ABRIL TINTAS MAT DE CONSTRUCAO E F LTDA ME","72727274000198","SP","SAO PAULO","AV  JERIMANDUBA,724-,05181-000"
"D DE SIQUEIRA COMERCIO DE TINTAS E MAT DE CONSTR","10229395000152","MT","CUIABA","AV GOVERNADOR DANTE MARTINS DE OLIVEIRA,2979-QD 10 LT 01,78050-889"
"DAMIANI COM DE TINTAS LTDA","03762331000157","SC","CRICIUMA","AV  DOS IMIGRANTES,915-,88817-600"
"DANTECOLOR TINTAS LTDA","71800668000161","SP","SAO JOSE DO RIO PRETO","AV PRES J K DE OLIVEIRA,51-A,15091-450"
"DBM FRANCA COMERCIO DE TINTAS LTDA","36527325000174","SP","FRANCA","R NELSON JAPAULO,2390-,14407-495"
"DCOR AMAIS TINTAS REPRESA LTDA","37255626000159","SP","SAO JOSE DO RIO PRETO","AV LINO JOSE DE SEIXAS,1235-,15061-165"
"DECOR PAINTS TINTAS EIRELI","30961655000197","SC","ITAJAI","R PEDRO GUERREIRO JUNIOR,46-,88301-482"
"DEPOSITO DE MADEIRA SAO LUIZLTDA","44604973000105","SP","CAMPINAS","AV ARMANDO SALES OLIVEIRA,390-,13090-150"
"DEPOSITO JK LTDA","20708178000107","MG","DIVINOPOLIS","AV SETE DE SETEMBRO,104-,35500-188"
"DESTAQUE COMERCIO DE TINTAS EIRELI","34835889000149","DF","BRASILIA","Q QI 11 BLOCO B LOTE,5-,71020-629"
"DG COMERCIO DE TINTAS LTDA - ME","19696794000106","SP","BAURU","R ARAUJO LEITE QD,20 64-,17012-055"
"DG COMERCIO DE TINTAS LTDA - ME","19696794000289","SP","OURINHOS","R PARA,557-LJ 2,19911-700"
"DIAMANTE COM DE TINTAS LTDA","59738088000196","SP","CAMPINAS","AV  BENJAMIN CONSTANT,485-,13010-140"
"DIAMANTE COM DE TINTAS LTDA","59738088000358","SP","RIBEIRAO PRETO","AV DA SAUDADE,1700-,14085-000"
"DISMONZA DISTRIB DE TINTAS E ABRASIVOS LTDA","84641331000443","RO","PORTO VELHO","R  MIGUEL CHAKIAN,377-,76820-094"
"DISTRITAL COMERCIO DE TINTAS LTDA","23781742000105","DF","BRASILIA","A ADE CONJUNTO 19 LOTE,37-PARTE A,71989-000"
"DIVINOPOLIS TINTAS LTDA","16762049000111","MG","DIVINOPOLIS","AV  AUTORAMA,200-,35501-221"
"DMD MAGIC TINTAS LTDA","36234241000142","SP","MARILIA","AV TIRADENTES,864-,17519-000"
"DOMINGUES & FUGANHOLI LTDA","32227678000106","SP","OURINHOS","R DO EXPEDICIONARIO,911-,19900-041"
"DOMINIK COM IND METAIS E EQUIPAMENTOS LTDA","72332794000100","SC","SAO JOSE","ROD BR CENTO E UM,255-KM 206,88113-650"
"DUCASTRO COMERCIO DE TINTAS LTDA","38486287000184","PR","MARINGA","AV JOSE ALVES NENDO,8-,87045-260"
"E S C REGO COMERCIO DE MATERIAIS DE CONSTRUCAO","36005251000106","PA","BELEM","AV CONSELHEIRO FURTADO,1298-,66035-350"
"ECF TINTAS LTDA EPP","65782328000152","SP","SAO PAULO","AV MAL TITO,4837-,08115-100"
"ECF TINTAS LTDA EPP","65782328000152","SP","SAO PAULO","AV MAL TITO,4837-,08115-100"
"ECONOMIZE MAIS TINTAS EIRELI","34713979000167","RJ","RIO DE JANEIRO","EST DO MONTEIRO,468-LJ A,23045-830"
"EDSON CARLOS NOSCHANG JUNIOR LTDA","34745434000132","SC","ITAPEMA","AV TERCEIRA AVENIDA,313-,88220-000"
"EDU TINTAS EIRELLI EPP","20888660000168","SP","GUARULHOS","R JARDIM ALEGRE,219-,07090-220"
"ELETROTINTAS COMERC LTDA","31779903000146","ES","VITORIA","AV  LEITAO DA SILVA,1451-LJ 1,29046-005"
"ELLITE TINTAS LTDA ME","10621066000152","RS","CANOAS","AV  SANTOS FERREIRA,721-,92020-001"
"ENGEFER DISTRIB EIRELI EM RECUPERACAO JUDICIAL","00940525000107","RJ","RIO DE JANEIRO","R S LUIZ GONZAGA,2051-,20910-060"
"ESPINDOLA COMERCIO DE TINTAS EIRELI","34776325000182","SC","BALNEARIO CAMBORIU","R 2500,1130-LOJA FRENTE RUA 2550,88330-394"
"ESTACAO TINTAS LTDA ME","20228381000178","MG","UBERLANDIA","AV  FLORIANO PEIXOTO,3089-,38400-704"
"FERMACO LTDA ME","28126738000119","ES","VITORIA","R GEN OSORIO,168-LJ 1,29010-030"
"FERRAGEM PARATI LTDA EPP","00942872000330","RS","PORTO ALEGRE","AV  SATURNINO DE BRITO,1550-,91320-001"
"FERREIRA COSTA & CIA LTDA","10230480001102","BA","SALVADOR","AV LUIZ VIANNA,6180-SUBS A 1 SUBDIST DE ITAPOAN,41730-101"
"FERREIRA COSTA & CIA LTDA","10230480002699","PB","JOAO PESSOA","RUA EDSON FALCONI DE MELO,555-GALPAO 01,58036-500"
"FERREIRA COSTA & CIA LTDA","10230480001536","PE","RECIFE","AV MAL MASCARENHAS DE MORAES 2629,2967-,51150-905"
"FERREIRA COSTA & CIA LTDA","10230480002346","SE","ARACAJU","AV PRES TANCREDO NEVES,2695-SUBSL E 2 AND,49040-500"
"FISCHER COMERCIO DE TINTAS EM A LTDA EPP","06022598000104","SC","JARAGUA DO SUL","R NEI FRANCO,540-SALA 01,89256-100"
"FLUZAO ATACADAO DA CONSTRUCAO LTDA EPP","14458674000149","RJ","RIO DE JANEIRO","AV ENG SOUZA FILHO,1000-LOJA A,22753-053"
"FMJ COMERCIO DE TINTAS LTDA","23045334000691","MG","UBERABA","AV BARAO DO RIO BRANCO,701-A,38020-300"
"FMJ COMERCIO DE TINTAS LTDA","23045334000853","MG","UBERLANDIA","AV BELO HORIZONTE,747-B,38400-454"
"FORNECEDORA CHATUBA DE NILOPOLIS LTDA","29911559000902","RJ","RIO DE JANEIRO","R  FELIPE CARDOSO,1150-,23520-572"
"FORTCOLOR TINTAS E VERNIZES LTDA","41334079000255","CE","FORTALEZA","AV  SANTOS DUMONT,3715-,60150-165"
"FRANCA CASA DE TINTAS LTDA ME","09316682000110","SP","FRANCA","AV  BRASIL,1185-,14401-234"
"FRANCA CORES LTDA - EPP","26114947000117","SP","FRANCA","R PADRE ANCHIETA,2422-,14400-740"
"FRANCISCHETTO COMERCIO E INDUSTRIA DE M LTDA","27465582000138","ES","VILA VELHA","ROD DO SOL,SN-KM 8,29129-015"
"FURLANETTO COMERCIO DE TINTAS LTDA","92379510000130","RS","GARIBALDI","TV  RAUL CISILOTTO,90-,95720-000"
"GERAL COMERCIO DE TINTAS E VERNIZES LTDA","65532228000178","SP","SAO PAULO","R  SERRA DE BRAGANCA,1277-,03318-000"
"GERAL COMERCIO DE TINTAS E VERNIZES LTDA","65532228000178","SP","SAO PAULO","R  SERRA DE BRAGANCA,1277-,03318-000"
"GIACOMIN COMERCIO DE TINTAS LTDA","32623888000296","RS","CAXIAS DO SUL","R BENTO GONCALVES,1301-SALA TERREA,95020-411"
"GIGANTE DAS TINTAS LTDA","19369987000225","SP","FRANCA","R ALEXANDRE BITTAR SABIO DE MELLO,3121-,14406-098"
"GOLDEN TINTAS LTDA EPP","05495159000148","DF","BRASILIA","Q QS 410 CJ L LT 04 LJS 01  E  02,SN-,72320-532"
"HOME CENTER NORDESTE COM MAT CONSTRUCAO S.A","08197731001071","SP","SAO JOSE DO RIO PRETO","AV MARIO ANDREAZZA,221-,15081-490"
"HORIZONTE TINTAS LTDA ME","01390045000182","PR","LONDRINA","R BELO HORIZONTE,337-,86020-060"
"HUMAITA COM DE TINTAS E SERVICOS EIRELI","33564241000112","RJ","RIO DE JANEIRO","R HUMAITA,160-,22261-002"
"ILHA TINTAS LTDA","03806042000102","SC","FLORIANOPOLIS","ROD  JOAO GUALBERTO SOARES,1199-,88058-300"
"IMPERIO COMERCIO DE TINTAS LTDA","30060811000149","PB","JOAO PESSOA","AV JUAREZ TAVORA,1140-SL 101 E 102,58040-020"
"IMPERIO DAS TINTAS LTDA","33359618000100","MG","GOVERNADOR VALADARES","R SAO PAULO,945-,35010-180"
"INOVA TINTAS LTDA","32250010000171","SP","SAO PAULO","RUA APA,303-ANEXO 309,01201-030"
"INOVA TINTAS LTDA","32250010000171","SP","SAO PAULO","RUA APA,303-ANEXO 309,01201-030"
"INOVE COMERCIO DE TINTAS LTDA","10856568000162","RS","ERECHIM","AV  JOSE OSCAR SALAZAR,1545-,99700-000"
"IRMAOS PEPE LTDA","37061769000634","DF","BRASILIA","TRECHO SIA TRECHO 2  445 LOTE 02,SN-GUARA,71200-020"
"IRMAOS TEIXEIRA LTDA","04976718000179","PA","BELEM","AV SEN LEMOS,3153-,66120-002"
"J DOS REIS DE MORAES FRANCA EPP","05099199000170","SP","FRANCA","AV PROF MOACIR VIEIRA COELHO,3837-,14405-700"
"JAGUAR COM DE TINTAS LTDA","07221472000113","CE","FORTALEZA","AV CEL CARVALHO,2731-,60341-641"
"JAVA COMERCIO DE TINTAS LTDA ME","08727801000165","SC","CRICIUMA","R  JOSE FERREIRA LAZ,75-,88802-145"
"JGA COMERCIO DE TINTAS E FERRAGENS LTDA","19896121000191","RS","CAXIAS DO SUL","AV RUBEM BENTO ALVES,1362-,95041-028"
"JGS COMERC LTDA EPP","24621237000158","MS","CAMPO GRANDE","AV  DAS BANDEIRAS,1277-,79080-001"
"JMR COMERCIO DE TINTAS LTDA","18867554000156","SP","MARILIA","R  BAHIA,620-,17509-150"
"JSV COMERCIO DE TINTAS LTDA ME","01816239000105","SC","SAO JOSE","AV  LEOBERTO LEAL,1-SL 1,88117-001"
"KMV COMERCIO DE TINTAS LTDA EPP","79132833000166","PR","MARINGA","AV  BRASIL,5015-,87014-070"
"KRARO TINTAS BARRETOS LTDA - ME","07108795000103","SP","BARRETOS","AV 43,799-,14781-321"
"L DA SILVEIRA BALBI ME","04921849000159","AP","MACAPA","R  GUANABARA,427-LETRA B,68908-360"
"L P PINTO - EPP","10897316000181","AP","MACAPA","R  GUANABARA,553-BRANCO,68908-360"
"L.C. TINTAS LTDA - ME","10893905000191","RS","NOVO HAMBURGO","R GUIA LOPES,1820-,93410-340"
"LAR DAS TINTAS LTDA","42495135000115","RJ","RIO DE JANEIRO","R  URANOS,1098-,21060-070"
"LEAO COMERCIO DE TINTAS IJUILTDA","93656353000125","RS","IJUI","R  JOSE BONIFACIO,1-,98700-000"
"LIMUSINE TINTAS E MAT DE CONSTRUCAO LTDA ME","31353774000120","RJ","RIO DE JANEIRO","EST  DA CACUIA,495-A,21921-000"
"LINDACOR COM DE TINTAS LTDA ME","11051392000134","SP","RIBEIRAO PRETO","AV  CARAMURU,2055-,14025-080"
"LJ GUERRA E CIA LTDA","04501136000136","AM","MANAUS","AV  RODRIGO OTAVIO,4050-,69077-000"
"LM SGUARIO E SILVA","05950456000306","RR","BOA VISTA","R  ANTONIO FIRMINO DA SILVA,258-,69315-228"
"LOJA DE TINTAS PORTELLA LTDA ME","78909264000150","PR","CURITIBA","AV ANITA GARIBALDI,3994-,82220-005"
"LOJAS QUERO QUERO SA","96418264024151","RS","CANOAS","R ARAGUAIA,140-,92410-000"
"LUCONST CONSTRUCOES LTDA","14684051000194","RJ","RIO DAS OSTRAS","AV JANE MARIA MARTINS FIGUEIRA,953-LOJA 05 QD 76 LOTE 04,28890-001"
"LUIDAR TINTAS LTDA EPP","22397806001250","MG","UBERABA","AV BARAO DO RIO BRANCO,1064-,38020-300"
"LUMAR RIO DAS OSTRAS MATERIAL DE CONSTRUCAO LTDA","05728775000100","RJ","RIO DAS OSTRAS","AV JANE MARIA MARTINS FIGUEIRA,953-,28890-000"
"M & M ALMEIDA ROSA COMERCIO DE TINTAS LTDA","37575489000130","SP","SOROCABA","RUA LEONDINA GONCALVES MOBAIER,405-,18055-883"
"M & M ALMEIDA ROSA COMERCIO DE TINTAS LTDA","37575489000130","SP","SOROCABA","RUA LEONDINA GONCALVES MOBAIER,405-,18055-883"
"M F S SANTOS EIRELI","26747007000165","AC","RIO BRANCO","R EPITACIO PESSOA,13-,69918-300"
"M H & SCHMITT LTDA","12609981000158","PI","BOM JESUS","AV ADEMAR DIOGENES,845 D-B,64900-000"
"MAGIA DAS CORES COM DE TINTAS LTDA ME","11893495000141","SC","FLORIANOPOLIS","ROD JORN MAURICIO SIROTSKY SOBRINHO,5815-LJ 1 2,88053-701"
"MAGIA DAS CORES TINTAS LTDA","05315179000190","RJ","RIO DE JANEIRO","EST DO TINDIBA,1666-LOJA E SOBRELOJA,22740-361"
"MAIS COR TINTAS LTDA","28322202000179","RS","NOVO HAMBURGO","AV NICOLAU BECKER,660-,93510-060"
"MARACANA COM DE TINTAS E FERRAGENS LTDA ME","73011447000130","SP","SAO PAULO","AV  ITABERABA,3644-,02739-000"
"MARACANA COM DE TINTAS E FERRAGENS LTDA ME","73011447000130","SP","SAO PAULO","AV  ITABERABA,3644-,02739-000"
"MARCELO MACHADO TINTAS EIRELI EPP","03877185000105","MG","UBERLANDIA","AV  SEME SIMAO,1257-,38410-094"
"MARIA CELIA F CAMPOS ME","10327932000105","RR","BOA VISTA","AV CENTENARIO,1746-,69312-377"
"MARIANO MAT DE CONSTRUCAO LTDA","63769731000116","RO","PORTO VELHO","R ALEXANDRE GUIMARAES,1170-A,76804-296"
"MARINARO TINTAS LTDA - ME","48575815000125","SP","SAO PAULO","R SALVADOR SIMOES,533-,04276-000"
"MARINARO TINTAS LTDA - ME","48575815000125","SP","SAO PAULO","R SALVADOR SIMOES,533-,04276-000"
"MARTINS & HILLAL COM DE TINTAS LTDA","03888693000199","RS","PELOTAS","R BARAO DE SANTA TECLA,454-,96010-140"
"MASTER COMERCIO DE TINTAS LTDA","96790217000111","BA","SALVADOR","R  ARTUR ORRICO,118-GALPAO,41275-490"
"MAXIMA COR COMERCIO DE TINTAS LTDA","14711218000169","SP","CARAPICUIBA","AV INOCENCIO SERAFICO,3300-,06343-410"
"MB COMERCIO DE MATERIAIS DE CONSTRUCAO LTDA","09267050000104","CE","FORTALEZA","AV ANTONIO SALES,3410-ST ENGENHARIA A 1,60135-102"
"MB COMERCIO DE TINTAS LTDA","13543208000794","RJ","RIO DE JANEIRO","R  DO MATOSO,54-,20270-133"
"MBL LIMA EIRELI","33794514000115","SP","FRANCA","RUA PADRE ANCHIETA,2414-,14400-740"
"MD TINTAS LTDA","00357940000132","MG","GOVERNADOR VALADARES","AV JK,825-A,35030-210"
"MENDES & ACORDI COMERCIO DE TINTAS LTDA","25341184000184","SC","CRICIUMA","AV CENTENARIO,1250-SL 07,88804-001"
"METALSUPER DISTRIB DE TINTAS LTDA","95400198000107","PR","MARINGA","AV  LAGUNA,1268-ESQ RUA SAO VICENTE,87050-260"
"METALTINTAS COMERCIO DE TINTAS LTDA","64630023000162","SP","RIBEIRAO PRETO","AV DR FRANCISCO JUNQUEIRA,1950-,14020-000"
"MIGUEL & TORSO COM DE TINTAS LTDA","07517759000861","SP","JUNDIAI","AV ANTONIO FREDERICO OZANAN,4570-,13215-485"
"MMB COMERCIO DE TINTAS LTDA ME","68981448000177","SP","SAO PAULO","R  GUAIAUNA,160-,03631-000"
"MMB COMERCIO DE TINTAS LTDA ME","68981448000177","SP","SAO PAULO","R  GUAIAUNA,160-,03631-000"
"MONTE E CIA LTDA","04661385000431","AP","SANTANA","ROD DUCA SERRA,SN-KM 17,68929-500"
"MORATINTAS LTDA","01744910000222","SP","SAO PAULO","AV JOAO PAULO I,1070-,02738-000"
"MORATINTAS LTDA","01744910000222","SP","SAO PAULO","AV JOAO PAULO I,1070-,02738-000"
"MSIM DISTRIBUIDORA DE MATERIAIS DE CONSTRUCAO LTDA","08989831000140","SC","ITAPEMA","R 406,863-,88220-000"
"MULTITINTAS LEOPOLDINA COMERCIO DE TINTAS LTDA","37837253000124","SP","SAO PAULO","AV IMP LEOPOLDINA,788-LOJA TERREO,05305-001"
"MULTITINTAS LEOPOLDINA COMERCIO DE TINTAS LTDA","37837253000124","SP","SAO PAULO","AV IMP LEOPOLDINA,788-LOJA TERREO,05305-001"
"MWL COMERCIO DE TINTAS BARRETOS LTDA","37490360000129","SP","BARRETOS","AV 43,799-BOX 2,14780-733"
"N C OLIVEIRA TINTAS LTDA","10714194000140","RN","NATAL","R CEL NORTON CHAVES,729-,59075-200"
"N N TINTAS LTDA","08201624000189","RN","NATAL","R CEL NORTON CHAVES,726-,59075-200"
"NEYMARX COM DE MAT LTDA","00776236000114","AM","MANAUS","R VISCONDE DE JEQUITINHONHA,SN-QD 26 LT 06 LETRA B,69058-740"
"NIPPON TINTAS LTDA","00023223000174","SP","CAMPINAS","AV  JOAO JORGE,126-134,13035-680"
"NORTH EMPREENDIMENTOS LTDA","26462797000132","RR","BOA VISTA","AV GENERAL ATAIDE TEIVE,2687-,69309-000"
"NR TINTAS LTDA EPP","11441370000423","MG","UBERLANDIA","AV BELO HORIZONTE,696-,38400-454"
"NUNES & DE MARI LTDA","78921798000100","PR","LONDRINA","AV BRASILIA,2815-,86025-180"
"O TINTEIRO COMERCIO DE TINTAS EIRELI","34056520000138","SP","SAO JOSE DO RIO PRETO","AV DANILO GALEAZZI,2861-,15051-155"
"ORGANIZACAO ANDRADE & TOMAZINI LTDA EPP","71180426000112","MG","UBERABA","R PE ZEFERINO,347-,38015-160"
"OURIMADEIRAS CASA CONSTRUCAO EIRELI EPP","05206161000150","SP","OURINHOS","R  DO EXPEDICIONARIO,1187-,19900-041"
"OUTLET DAS TINTAS COMERCIO DE TINTAS LTDA","24968736000205","BA","LAURO DE FREITAS","AV SANTOS DUMONT,1926-LJ10,42700-000"
"OUTLET DAS TINTAS EIRELI","34381286000114","SP","SAO PAULO","AV SANTO AMARO,3498-,04556-300"
"OUTLET DAS TINTAS EIRELI","34381286000114","SP","SAO PAULO","AV SANTO AMARO,3498-,04556-300"
"PALACIO DAS TINTAS FRANCA EIRELI - EPP","26068894000145","SP","FRANCA","R MONSENHOR ROSA,1330-,14400-670"
"PALMEIRA TINTAS LTDA","42335141000296","RJ","RIO DE JANEIRO","R CD DE BONFIM,837-,20530-000"
"PAOLUCCI COM DE TINTAS LTDA","43336882001064","SP","SAO PAULO","R  CLELIA,1797-,05042-001"
"PAOLUCCI COM DE TINTAS LTDA","43336882001064","SP","SAO PAULO","R  CLELIA,1797-,05042-001"
"PENKY COMERCIAL EIRELI","00465530000105","SP","OSASCO","R AGUDOS,347-,06223-140"
"PERIN 4V MATERIAIS DE CONSTRUCAO LTDA","29628340000143","RR","BOA VISTA","AV CAPITAO JULIO BEZERRA,1637-,69305-294"
"PICCOLO CONSTR E MAT LTDA","88429881000535","RS","NOVO HAMBURGO","AV CEL FREDERICO LINCK,579-,93336-002"
"PINTE E DECORE COMERCIO DE TINTAS EIRELI EPP","24075668000247","MT","CUIABA","AV PERNAMBUCO (NUC HAB CPA II),769-QD A LT02 CPA II,78055-428"
"PIRATININGA FRANCA EIRELI - EPP","26094554000199","SP","FRANCA","R VEREADOR JOSE GRANZOTTE,2547-2559,14403-597"
"PISCINAO DE BONSUCESSO COM DE TINTAS LTDA EPP","05013769000249","RJ","RIO DE JANEIRO","R  ADOLFO BERGAMINI,42-,20730-000"
"PLANALTO TINTAS LTDA","26390229000688","MG","BELO HORIZONTE","AV PORTUGAL,5523-,31710-400"
"PLANALTO TINTAS LTDA","26390229000840","MG","DIVINOPOLIS","R ESPIRITO SANTO,332-,35500-030"
"PLANALTO TINTAS LTDA","26390229001064","MG","MONTES CLAROS","AV GERALDO ATHAYDE,1205-,39400-292"
"POLAR TINTAS COMERCIO DE TINTAS LTDA","01671634000139","DF","BRASILIA","QD 7,SN-LT 1310 1315 SN SETOR LESTE IN,72445-070"
"POLITINTAS LTDA","27171883001040","ES","SERRA","AV  ELDES SCHERRER SOUZA,805-LJ 4,29165-680"
"POLITINTAS LTDA","27171883000230","ES","VILA VELHA","ROD CARLOS LINDEMBERG 2340 LOJAS 12 E 13,SN-,29123-600"
"POLITINTAS LTDA","27171883000400","ES","VITORIA","AV  LEITAO DA SILVA,931-LJ 1 2 PAV,29046-010"
"POLO DAS TINTAS LTDA EPP","03329163000100","DF","BRASILIA","Q QI 1 LOTES 59 61 E,63-LJ 01,72135-010"
"PONTACO COMERCIO DE FERRO ECIMENTO LTDA","10303870000193","RJ","RIO DAS OSTRAS","AV JANE MARIA MARTINS FIGUEIRA,1633-,28896-052"
"PONTOCOR COM DE TINTAS LTDA","12541519000166","PR","MARINGA","AV  BRASIL,3051-,87013-000"
"PRIMOSUL MAT DE CONSTRUCAO LTDA","88741301000117","RS","PORTO ALEGRE","EST JUCA BATISTA,1250-,91770-000"
"PV DISTRIB LTDA ME","07432377000169","SC","FLORIANOPOLIS","ROD  SC QUATROCENTOS E CINCO,SN-KM 1 697,88048-000"
"RB TINTAS EIRELI","30338238000354","SP","OSASCO","AV JOAO VENTURA DOS SANTOS,842-,06260-170"
"REAL COMERCIO LTDA","19972249001592","MG","BELO HORIZONTE","R  MOEMA,285-,30730-580"
"REAL COMERCIO LTDA","19972249002130","MG","CONTAGEM","AV  JOAO CESAR DE OLIVEIRA,2501-,32315-000"
"REAL COMERCIO LTDA","19972249002483","MG","DIVINOPOLIS","R  PIAUI,471-,35502-031"
"RECANTO COM DE TINTAS LTDA ME","68987742000196","SP","SAO PAULO","R  MACIEL MONTEIRO,151-,03566-000"
"RECANTO COM DE TINTAS LTDA ME","68987742000196","SP","SAO PAULO","R  MACIEL MONTEIRO,151-,03566-000"
"RESEMINI COMERCIO DE MAT DE CONSTRUCAO LTDA","03022115000175","RS","GARIBALDI","R JOAO PESSOA,329-,95720-000"
"RIACHO TINTAS LTDA EPP","03073454000180","DF","BRASILIA","SET DE HABITACOES CGNC SN Q716 BLD LJ63,SN-,70770-534"
"RIBEIRO E UCHOA LTDA","30249467000130","AC","RIO BRANCO","R MINAS GERAIS,1041-,69900-180"
"RICASA MAT PARA CONSTRUCAO LTDA EPP","07128187000152","SP","GUARULHOS","AV  BOM CLIMA,38-,07196-220"
"RIO DO PINCEL TINTAS LTDA","01338470000394","RJ","RIO DE JANEIRO","EST DE JACAREPAGUA,7666-,22753-032"
"RN TINTAS LTDA","01407362000164","RN","NATAL","R DOS PAIANAZES,1648-ANEXO 1640,59037-350"
"ROCHA'S COMERCIO VAREJISTA DE TINTAS, CASA & CONSTRUCAO LTDA","41643563000185","SP","JUNDIAI","R BOM JESUS DE PIRAPORA,1381-,13207-605"
"RODRIGO OCANHA COMERCIO DE TINTAS EPP","28938365000180","SP","MARILIA","AV MANOEL MULLER,158-,17507-200"
"SACI COMERCIO DE TINTAS LTDA","71961049000744","SP","CAMPINAS","AV NS DE FATIMA,1307-,13076-000"
"SACI COMERCIO DE TINTAS LTDA","71961049000159","SP","JUNDIAI","AV CDOR ANTONIO BORIN,2630-LJ,13219-807"
"SAINT GOBAIN DISTRIBUICAO BRASIL LTDA","03840986005831","SP","SAO PAULO","AV PRES CASTELO BRANCO,8067-,05034-000"
"SALDANHA GONZALES COM DE TINTAS E FERRAGENS LTDA ME","66119918000162","SP","SAO PAULO","R  PARAPUA,231-,02831-000"
"SALDANHA GONZALES COM DE TINTAS E FERRAGENS LTDA ME","66119918000162","SP","SAO PAULO","R  PARAPUA,231-,02831-000"
"SERTAO COMERC DE EQUIP LTDA","15459431001755","MS","CAMPO GRANDE","AV SOLON PADILHA,2288-,79108-610"
"SKARLAT FERRAGENS LTDA EPP","00649883000165","RJ","RIO DE JANEIRO","R DR AUGUSTO FIGUEIREDO,1956-LJ B,21840-600"
"SO TINTAS COMERCIAL LTDA","02185406000111","RN","MOSSORO","R FELIPE CAMARAO,121-,59600-340"
"SUPER TINTAS COM DE TINTAS LTDA ME","11614349000130","RJ","RIO DE JANEIRO","AV MAL FONTENELE,3961-LJ A,21740-001"
"TAHISA COM TINTAS LTDA ME","01791304000187","SP","GUARULHOS","AV  JUREMA,577-,07244-000"
"TANAKO MATERIAIS PARA CONSTRUCAO LTDA","04116827000116","SC","ITAJAI","R PAULO KLEIS JUNIOR,146-,88309-380"
"TATO COM DE MAT DE CONSTRUCAO LTDA","81550535000219","SC","JOINVILLE","R JOSE ANTONIO SALES,42-,89224-300"
"THERA COMERCIAL DE TINTAS E FERRAGENS LTDA","36927213000100","SP","CAMPINAS","AV DOUTOR ARLINDO JOAQUIM DE LEMOS,1398-,13100-451"
"TIMAPE COMERCIAL LTDA ME","01817073000133","SC","CRICIUMA","AV SANTOS DUMONT,2295-,88804-500"
"TINBOL TINTAS LTDA","27067909000466","ES","SERRA","AVE BNH,57-LJ 04 E 09,29165-610"
"TINBOL TINTAS LTDA","27067909000628","ES","VILA VELHA","R LUCIANO DAS NEVES,1111-,29100-201"
"TINTA E COR COMERCIAL DE TINTAS LTDA","94222981000165","RS","NOVO HAMBURGO","AV  NICOLAU BECKER,660-,93510-060"
"TINTACOR COM DE TINTAS E ACESSORIOS LTDA EPP","82426222000135","PR","FOZ DO IGUACU","R  JORGE SANWAIS,557-,85851-150"
"TINTAO COM DE TINTAS E PECAS PARA AUTOS LTDA EPP","26933861000116","TO","ARAGUAINA","AV  SANTOS DUMONT,83-,77818-010"
"TINTAO COM DE TINTAS E PECAS PARA AUTOS LTDA EPP","26933861000116","TO","ARAGUAINA","AV  SANTOS DUMONT,83-,77818-010"
"TINTAO COM DE TINTAS LTDA","75816215000184","SC","JOINVILLE","R VSC DE TAUNAY,86-,89201-420"
"TINTAS AMADOR LTDA ME","60626256000130","SP","SAO PAULO","AV  AMADOR BUENO DA VEIGA,1356-,03636-100"
"TINTAS AMADOR LTDA ME","60626256000130","SP","SAO PAULO","AV  AMADOR BUENO DA VEIGA,1356-,03636-100"
"TINTAS DARKA LTDA","01887122001429","PR","CURITIBA","AV  SILVA JARDIM,107-,80230-000"
"TINTAS DARKA LTDA","01887122002581","SC","JOINVILLE","AV GETULIO VARGAS,871-,89202-295"
"TINTAS FAMOSAS COMERC DE TINTAS LTDA","66526542000453","SP","OSASCO","AV  DOS AUTONOMISTAS,413-,06020-000"
"TINTAS FAMOSAS COMERC DE TINTAS LTDA","66526542000100","SP","SAO PAULO","AV PROF FRANCISCO MORATO,3777-,05521-100"
"TINTAS FAMOSAS COMERC DE TINTAS LTDA","66526542000100","SP","SAO PAULO","AV PROF FRANCISCO MORATO,3777-,05521-100"
"TINTAS JD LTDA","54190319000580","SP","CARAPICUIBA","AV INOCENCIO SERAFICO,3504-SALAO CML 1,06380-021"
"TINTAS JD LTDA","54190319000318","SP","OSASCO","AV SEBASTIAN PIETRO CAMANDONA,28-,06080-220"
"TINTAS JD LTDA","54190319000156","SP","SAO PAULO","AV  MUTINGA,5196-,05110-000"
"TINTAS JD LTDA","54190319000156","SP","SAO PAULO","AV  MUTINGA,5196-,05110-000"
"TINTAS L AUTOMOTIVAS IMOBILIARIAS E INDUSTRIAIS LTDA","05741890000106","SP","OSASCO","AV DOS AUTONOMISTA,5222-,06194-060"
"TINTAS LUSACOR LTDA","57878068000357","SP","SAO PAULO","RUA AMARO LUZ,218-,04764-010"
"TINTAS LUSACOR LTDA","57878068000357","SP","SAO PAULO","RUA AMARO LUZ,218-,04764-010"
"TINTAS MC LTDA","61149506008306","GO","GOIANIA","AV T 7,480-QD 30 LOTE 10,74210-260"
"TINTAS MC LTDA","61149506009450","MG","UBERLANDIA","AV VASCONCELOS COSTA,715-BAIRRO MARTINS,38400-450"
"TINTAS MC LTDA","61149506000402","SP","GUARULHOS","AV DR TIMOTEO PENTEADO,560-,07094-000"
"TINTAS MC LTDA","61149506000151","SP","SAO PAULO","AV PROF ABRAAO DE MORAIS,378-,04127-000"
"TINTAS MC LTDA","61149506000151","SP","SAO PAULO","AV PROF ABRAAO DE MORAIS,378-,04127-000"
"TINTAS OLIVEIRA LTDA","02393323000541","SC","FLORIANOPOLIS","AV MARINHEIRO MAX SCHRAMM,2639-LOJA,88095-001"
"TINTAS OLIVEIRA LTDA","02393323000118","SC","SAO JOSE","R  LUIZ FAGUNDES,798-SL 2,88103-500"
"TINTAS PALMARES GUARULHOS LTDA","08308194000107","SP","GUARULHOS","AV EMILIO RIBAS,1068-,07020-010"
"TINTAS PALMARES LTDA","47450192000100","SP","SAO PAULO","AV BOTURUSSU,1721-,03802-010"
"TINTAS PALMARES LTDA","47450192000100","SP","SAO PAULO","AV BOTURUSSU,1721-,03802-010"
"TINTAS SAO MIGUEL EIRELI EPP","62742739000126","SP","SAO PAULO","AV  NORDESTINA,24-,08011-000"
"TINTAS SAO MIGUEL EIRELI EPP","62742739000126","SP","SAO PAULO","AV  NORDESTINA,24-,08011-000"
"TINTAS VINTE DE ABRIL PARIS LTDA EPP","33120627000135","RJ","RIO DE JANEIRO","R CD DE BAEPENDI,20-,22231-140"
"TINTEIRO COMERC DE TINTAS LTDA EPP","88260120000179","RS","PORTO ALEGRE","AV  ASSIS BRASIL,6583-LJ,91140-001"
"TINTORART COM DE TINTAS LTDA EPP","06374535000109","SC","BALNEARIO CAMBORIU","R  NOVECENTOS E QUATRO,971-,88330-592"
"TODIMO MATERIAIS PARA CONSTRUCAO SA","15375991002701","MS","CAMPO GRANDE","R JOAQUIM MURTINHO,4603-,79041-914"
"TODIMO MATERIAIS PARA CONSTRUCAO SA","15375991000326","MT","CUIABA","AV CARMINDO DE CAMPOS,667-,78065-300"
"TODIMO MATERIAIS PARA CONSTRUCAO SA","15375991001055","PR","LONDRINA","AV TIRADENTES,1181-,86070-545"
"TOP COR COMERCIO DE TINTAS LTDA","11732795000149","RS","CAXIAS DO SUL","R OS DEZOITO DO FORTE,974-,95020-472"
"TTL COMERCIO DE TINTAS E SERVICOS LTDA ME","06268934000195","ES","VILA VELHA","AV STA LEOPOLDINA,1925-,29102-040"
"UAI TINTAS LTDA","20972952000184","MG","MONTES CLAROS","R CORONEL CELESTINO,198-,39400-014"
"UNICOLOR TINTAS LTDA EPP","02287193000139","RJ","RIO DE JANEIRO","EST  DO PRE,1129-LJ B C,23013-550"
"UNITINTAS COMERCIO DE TINTAS LTDA","02107803001813","DF","BRASILIA","TR SIA TRECHO 2,SN-LOTE 835 845,71200-020"
"UNITINTAS COMERCIO DE TINTAS LTDA","02107803000175","GO","GOIANIA","R  P 13,18-Q 73 LT 23,74543-260"
"VANIO FERNANDES","06230895000137","SC","JOINVILLE","R INAMBU,562-,89220-001"
"VENCESLAU TINTAS LTDA","20615803000168","MG","GOVERNADOR VALADARES","R ISRAEL PINHEIRO,3609-,35010-131"
"VISUAL TINTAS LTDA EPP","05017585000176","RR","BOA VISTA","AV  MARIO HOMEM DE MELO,5550-,69313-522"
"VIVA COR TINTAS LTDA","68584077000351","RJ","RIO DE JANEIRO","EST  DOS BANDEIRANTES,5481-LT 20 Q 2 PAL 28733,22780-080"
"VIVAL COMERCIO DE TINTAS LTDA","05921801000103","SP","JUNDIAI","R  MOREIRA CESAR,115-,13202-600"
"W S J FERREIRA","30805423000140","AC","RIO BRANCO","AV NACOES UNIDAS,1538-,69918-970"
"WALTER R SILVA & CIA LTDA ME","04645347000142","AM","MANAUS","AV  COSME FERREIRA,404-,69082-230"
"WJ CORES E TINTAS LTDA","34126840000117","AC","RIO BRANCO","EST DA SOBRAL,691-,69911-108"
"WL COMERCIO DE TINTAS LTDA","11606011000136","RS","ERECHIM","PC  JULIO DE CASTILHOS,150-,99700-000"
"WSA COMERCIO DE TINTAS LTDA","09687578000132","DF","BRASILIA","Q SB QD 7 COMERCIO LOCAL 25 LJ 01,SN-,71625-009"
"YARALIAN & MURAYAMA LTDA","08024864000155","SP","PRESIDENTE PRUDENTE","AV BRASIL,2298-,19013-001"
"ZANARDO COM DE VIDROS E TINTAS LTDA ME","08215677000230","RS","ERECHIM","R  ITALIA,226-,99700-000"
"ZONA SUL COM DE MATERIAL PARA PINTURA LTDA ME","08853810000100","SE","ARACAJU","AV  MELICIO MACHADO,540-A,49038-443"
"TAKARA TAKARA IRMAO LTDA","60836244000130","SP","SAO PAULO","AV  ITABERABA,3844-,02739-000"
"ULETE MOTTA E CIA LTDA","24231276000149","MG","JOAO MONLEVADE","AV  GETULIO VARGAS,5166-,35930-003"
"MUD MATERIAIS DE CONSTRUCAO LTDA","33082249000142","RJ","RIO DE JANEIRO","R MQ DE SAO VICENTE,9-9 A ENT SUP PELO 13,22451-041"
"FMA GROFF MADEIREIRA LTDA","93394021000110","RS","PORTO ALEGRE","AV  TRAMANDAI,657-,91760-050"
"LUZANA COM DE FERRO E METAIS LTDA  ME","40455123000131","RJ","RIO DE JANEIRO","R  DOIS DE MAIO,198-,20961-160"
"DEP CACULA JACAREI MATS PARA CONST LTDA","50467885000101","SP","JACAREI","R JOAO AMERICO SILVA,204-,12315-310"
"GILBERTO F. DOS PASSOS COMERCIO DE MATERIAIS DE CONSTRUCAO EIRELI","94380904000133","RS","SANTA CRUZ DO SUL","AV GASPAR BARTOLOMAY,854-,96815-555"
"SLIMP DISTRIBUIDORA DE MATERIAIS DE CONSTRUCAO EIRELI","13128503000199","RS","SANTA CRUZ DO SUL","AC LINHA JOAO ALVES,SN-,96825-390"
"SANTEC COM DE FERRAGENS E FERRAMENTAS LTDA","51322782000116","SP","DESCALVADO","R SIQUEIRA CAMPOS,344-,13690-000"
"DEPOSITO DE MADEIRA SAO LUIZ LTDA","44604973000105","SP","CAMPINAS","AV ARMANDO SALES OLIVEIRA,390-,13090-150"
"ARMAZEM CORAL LTDA","11623188001031","PE","RECIFE","AV DOMINGOS FERREIRA,4811-4793,51021-000"
"CASA DAS TINTAS DE ANAPOLIS LTDA","33229030000204","GO","ANAPOLIS","AV  BRASIL SUL,317-,75123-390"
"MANFRIN CASSEB E CIA LTDA","72739543001027","SP","CATANDUVA","AV ENG JOSE NELSON MACHADO,1213-,15810-185"
"CASA VERDE MATERIAIS PARA CONSTRUCAO LTDA","52912748000679","SP","BRAGANCA PAULISTA","EST MUN VEREADOR ALVARO ALESSANDRI,84-,12903-841"
"COPAFER COML LTDA","55728224000106","SP","SANTO ANDRE","AV  DOS ESTADOS,4555-,09210-580"
"ARLINDO CARREIRA CIA LTDA","55019012000150","SP","LEME","AV DR JAMBEIRO COSTA,850-,13610-831"
"NICOM COMERCIO DE MATERIAIS PARA CONSTRUCOES LTDA","60403110000630","SP","SAO PAULO","R DR ABELARDO VERGUEIRO CESAR,2-,04635-080"
"LIGIA CONCEICAO DO AMARAL LIMA","24009197000511","SP","LENCOIS PAULISTA","AV PREFEITO JACOMO NICOLAU PACCOLA,500-,18685-099"
"COAMO AGROINDUSTRIAL COOPERATIVA","75904383003228","PR","CAMPO MOURAO","RUA PION ADINOR C DE SOUZA,780-,87309-730"
"L JARDIM E CIA LTDA","12270435000488","AL","MACEIO","AV FERNANDES LIMA,991-B-,57055-000"
"POLITINTAS LTDA","27171883001473","ES","CARIACICA","R TREZE,419-SL 02,29142-866"
"SR ACABAMENTOS E MAT P CONSTR LTDA","26443804000159","DF","BRASILIA","ST SIA TRECHO 1,SN-LOTE 1010/1040,71200-010"
"FERRAGEM LORENZET LTDA","88318456000145","RS","PELOTAS","AV ENG ILDEFONSO SIMOES LOPES,260-,96060-290"
"AC COELHO MAT CONST LTDA","37083474000154","DF","BRASILIA","SIA TRECHO 3,SN-LT 1010 1060 E 1070 SN TR 3,71200-030"
